7813765,https://zealous-cliff-0a8252010.1.azurestaticapps.net/#redacted@abuse.ionos.com,http://www.phishtank.com/phish_detail.php?phish_id=7813765,2022-10-07T05:04:14+00:00,yes,2022-10-07T05:10:32+00:00,yes,Other
7813764,http://2020mep.com.maiais.mx/redacted@abuse.ionos.com,http://www.phishtank.com/phish_detail.php?phish_id=7813764,2022-10-07T05:04:13+00:00,yes,2022-10-07T05:10:32+00:00,yes,Other
7813762,https://exodus.bond,http://www.phishtank.com/phish_detail.php?phish_id=7813762,2022-10-07T04:52:13+00:00,yes,2022-10-07T05:10:32+00:00,yes,Other
7813754,https://rao.roisue.info,http://www.phishtank.com/phish_detail.php?phish_id=7813754,2022-10-07T04:01:41+00:00,yes,2022-10-07T04:13:48+00:00,yes,Rakuten
7813752,https://rao.naisio.info,http://www.phishtank.com/phish_detail.php?phish_id=7813752,2022-10-07T03:57:10+00:00,yes,2022-10-07T04:03:48+00:00,yes,Rakuten
7813753,https://rao.naisio.info/login.php,http://www.phishtank.com/phish_detail.php?phish_id=7813753,2022-10-07T03:57:10+00:00,yes,2022-10-07T04:03:48+00:00,yes,Rakuten
7813750,https://rao.peiti.info,http://www.phishtank.com/phish_detail.php?phish_id=7813750,2022-10-07T03:56:40+00:00,yes,2022-10-07T04:03:48+00:00,yes,Rakuten
7813751,https://rao.peiti.info/login.php,http://www.phishtank.com/phish_detail.php?phish_id=7813751,2022-10-07T03:56:40+00:00,yes,2022-10-07T04:03:48+00:00,yes,Rakuten
7813749,https://rao.poeidu.info/login.php,http://www.phishtank.com/phish_detail.php?phish_id=7813749,2022-10-07T03:56:06+00:00,yes,2022-10-07T04:03:48+00:00,yes,Rakuten
7813748,https://rao.poeidu.info,http://www.phishtank.com/phish_detail.php?phish_id=7813748,2022-10-07T03:56:05+00:00,yes,2022-10-07T04:03:48+00:00,yes,Rakuten
7813746,https://rao.oiecsi.info,http://www.phishtank.com/phish_detail.php?phish_id=7813746,2022-10-07T03:55:36+00:00,yes,2022-10-07T04:03:48+00:00,yes,Rakuten
7813747,https://rao.oiecsi.info/login.php,http://www.phishtank.com/phish_detail.php?phish_id=7813747,2022-10-07T03:55:36+00:00,yes,2022-10-07T04:03:48+00:00,yes,Rakuten
7813744,https://rao.naisiro.info,http://www.phishtank.com/phish_detail.php?phish_id=7813744,2022-10-07T03:55:06+00:00,yes,2022-10-07T04:03:48+00:00,yes,Rakuten
7813745,https://rao.naisiro.info/login.php,http://www.phishtank.com/phish_detail.php?phish_id=7813745,2022-10-07T03:55:06+00:00,yes,2022-10-07T04:03:48+00:00,yes,Rakuten
7813735,https://www.banco-ripley-ingreso-persona.letsplayfpl.com/,http://www.phishtank.com/phish_detail.php?phish_id=7813735,2022-10-07T03:39:17+00:00,yes,2022-10-07T03:42:18+00:00,yes,Other
7813729,https://rakuten-jp.ygcoaf.cn/login.php,http://www.phishtank.com/phish_detail.php?phish_id=7813729,2022-10-07T03:19:31+00:00,yes,2022-10-07T03:22:43+00:00,yes,Rakuten
7813718,https://www.metaup.bio/#/home,http://www.phishtank.com/phish_detail.php?phish_id=7813718,2022-10-07T02:58:42+00:00,yes,2022-10-07T03:06:40+00:00,yes,Other
7813717,https://phantomupdate.com/Phantom_Update_2022-10-04.exe,http://www.phishtank.com/phish_detail.php?phish_id=7813717,2022-10-07T02:57:53+00:00,yes,2022-10-07T03:06:40+00:00,yes,Other
7813696,https://servterm94.godaddysites.com/,http://www.phishtank.com/phish_detail.php?phish_id=7813696,2022-10-07T01:31:36+00:00,yes,2022-10-07T01:41:54+00:00,yes,Other
7813693,https://modulodispositivoapp.com/,http://www.phishtank.com/phish_detail.php?phish_id=7813693,2022-10-07T01:04:17+00:00,yes,2022-10-07T01:06:18+00:00,yes,Other
7813690,http://teckph.com,http://www.phishtank.com/phish_detail.php?phish_id=7813690,2022-10-07T00:56:35+00:00,yes,2022-10-07T01:06:18+00:00,yes,Other
7813689,https://lnterbankprestamosaprobado.nobreskateboards.com.br/,http://www.phishtank.com/phish_detail.php?phish_id=7813689,2022-10-07T00:49:56+00:00,yes,2022-10-07T00:51:36+00:00,yes,Other
7813681,https://mizvhonbak-servlet-logbnk00000000b-do.cyou/client/index_sp.php,http://www.phishtank.com/phish_detail.php?phish_id=7813681,2022-10-06T23:53:43+00:00,yes,2022-10-07T00:12:56+00:00,yes,Other
7813680,https://mizvhonbak-servlet-logbnk00000000b-do.cyou/client/index.php,http://www.phishtank.com/phish_detail.php?phish_id=7813680,2022-10-06T23:53:22+00:00,yes,2022-10-07T00:12:56+00:00,yes,Other
7813678,https://b.avisos-bcp.com/,http://www.phishtank.com/phish_detail.php?phish_id=7813678,2022-10-06T23:43:00+00:00,yes,2022-10-06T23:53:12+00:00,yes,Other
7813673,https://exclusivoestemes-ib.com/,http://www.phishtank.com/phish_detail.php?phish_id=7813673,2022-10-06T23:11:56+00:00,yes,2022-10-06T23:13:19+00:00,yes,Other
7813657,https://1iftbybcs28akuu.000webhostapp.com/index.php,http://www.phishtank.com/phish_detail.php?phish_id=7813657,2022-10-06T22:42:45+00:00,yes,2022-10-06T22:53:31+00:00,yes,Facebook
7813656,https://business-fb-review-192869502.web.app/main.html,http://www.phishtank.com/phish_detail.php?phish_id=7813656,2022-10-06T22:41:43+00:00,yes,2022-10-06T22:53:31+00:00,yes,Facebook
7813655,https://business-fb-review-192869502.web.app/,http://www.phishtank.com/phish_detail.php?phish_id=7813655,2022-10-06T22:41:23+00:00,yes,2022-10-06T22:53:31+00:00,yes,Facebook
7813653,https://mbank.aktywuj-rachunek.com,http://www.phishtank.com/phish_detail.php?phish_id=7813653,2022-10-06T22:40:12+00:00,yes,2022-10-06T23:13:19+00:00,yes,Other
7813654,https://mbank.aktywuj-rachunek.com/,http://www.phishtank.com/phish_detail.php?phish_id=7813654,2022-10-06T22:40:12+00:00,yes,2022-10-06T23:13:19+00:00,yes,Other
7813650,https://rakuiten-japan.paayosi-japan.cyou/mlogin.php,http://www.phishtank.com/phish_detail.php?phish_id=7813650,2022-10-06T22:36:19+00:00,yes,2022-10-06T22:43:15+00:00,yes,Rakuten
7813649,https://rakuiten-japan.paayos-japan.cyou/mlogin.php,http://www.phishtank.com/phish_detail.php?phish_id=7813649,2022-10-06T22:32:57+00:00,yes,2022-10-06T22:43:15+00:00,yes,Rakuten
7813647,https://web.id.mizuhebank.japan-goodlife.cyou/client/index.php,http://www.phishtank.com/phish_detail.php?phish_id=7813647,2022-10-06T22:30:57+00:00,yes,2022-10-06T22:43:15+00:00,yes,Other
7813646,https://web.id.mizuhebank.japan-goodlife.cyou/client/index_sp.php,http://www.phishtank.com/phish_detail.php?phish_id=7813646,2022-10-06T22:30:33+00:00,yes,2022-10-06T22:43:15+00:00,yes,Other
7813643,https://rakuten-jp.bbbbpb.cn/login.php,http://www.phishtank.com/phish_detail.php?phish_id=7813643,2022-10-06T22:27:30+00:00,yes,2022-10-06T22:32:52+00:00,yes,Rakuten
7813642,https://rakuten-jp.bbbbpb.cn/,http://www.phishtank.com/phish_detail.php?phish_id=7813642,2022-10-06T22:27:29+00:00,yes,2022-10-06T22:32:52+00:00,yes,Rakuten
7813639,https://mizunhobenk-servlet-logbnk00000000b-do.cyou/client/index.php,http://www.phishtank.com/phish_detail.php?phish_id=7813639,2022-10-06T22:19:17+00:00,yes,2022-10-06T22:23:00+00:00,yes,Other
7813638,https://mizunhobenk-servlet-logbnk00000000b-do.cyou/client/index_sp.php,http://www.phishtank.com/phish_detail.php?phish_id=7813638,2022-10-06T22:18:54+00:00,yes,2022-10-06T22:23:00+00:00,yes,Other
7813636,https://web.ib.mizvhiback.co.jp.cqaqs.com/miziha/client/login.html,http://www.phishtank.com/phish_detail.php?phish_id=7813636,2022-10-06T22:15:25+00:00,yes,2022-10-06T22:23:00+00:00,yes,Other
7813635,https://web.ib.mizvhiback.co.jp.cqaqs.com/miziha/client/login_sp.html,http://www.phishtank.com/phish_detail.php?phish_id=7813635,2022-10-06T22:14:56+00:00,yes,2022-10-06T22:23:00+00:00,yes,Other
7813632,https://festividadesperuanas.hogarseguro-com.top/,http://www.phishtank.com/phish_detail.php?phish_id=7813632,2022-10-06T22:04:39+00:00,yes,2022-10-06T22:10:22+00:00,yes,Other
7813630,https://tiny.one/ING8478,http://www.phishtank.com/phish_detail.php?phish_id=7813630,2022-10-06T22:02:30+00:00,yes,2022-10-06T22:10:22+00:00,yes,ING Direct
7813627,http://paxful-mains.pro,http://www.phishtank.com/phish_detail.php?phish_id=7813627,2022-10-06T21:58:22+00:00,yes,2022-10-06T22:10:22+00:00,yes,Other
7813619,http://pancakeswapairdrop.pro,http://www.phishtank.com/phish_detail.php?phish_id=7813619,2022-10-06T21:44:57+00:00,yes,2022-10-06T21:52:47+00:00,yes,Other
7813611,http://business26567center64896.co.vu/,http://www.phishtank.com/phish_detail.php?phish_id=7813611,2022-10-06T21:30:38+00:00,yes,2022-10-06T21:42:27+00:00,yes,Facebook
7813610,http://892y3bdf89ewn6r3.co.vu/,http://www.phishtank.com/phish_detail.php?phish_id=7813610,2022-10-06T21:30:04+00:00,yes,2022-10-06T21:42:27+00:00,yes,Facebook
7813608,https://exodus-10exit.com/index.html#map1-7,http://www.phishtank.com/phish_detail.php?phish_id=7813608,2022-10-06T21:29:15+00:00,yes,2022-10-06T21:33:13+00:00,yes,Other
7813607,https://tlcbcp.pe-home.eu/inicio,http://www.phishtank.com/phish_detail.php?phish_id=7813607,2022-10-06T21:27:25+00:00,yes,2022-10-06T21:33:13+00:00,yes,Other
7813599,https://magicedensafe.com/,http://www.phishtank.com/phish_detail.php?phish_id=7813599,2022-10-06T21:17:45+00:00,yes,2022-10-06T21:23:23+00:00,yes,Other
